<OutOfBrowserSettings ShortName="OData_Explorer" EnableGPUAcceleration="True" ShowInstallMenuItem="True">
  <OutOfBrowserSettings.Blurb>The OData Explorer</OutOfBrowserSettings.Blurb>
  <OutOfBrowserSettings.WindowSettings>
    <WindowSettings Title="OData Explorer" Height="700" Width="1200" />
  </OutOfBrowserSettings.WindowSettings>
  <OutOfBrowserSettings.SecuritySettings>
    <SecuritySettings ElevatedPermissions="Required" />
  </OutOfBrowserSettings.SecuritySettings>
  <OutOfBrowserSettings.Icons />
</OutOfBrowserSettings>